<?xml version="1.0" encoding="UTF-8" standalone="yes"?>
<addon id="plugin.video.youngkbell.viu" name="viu" version="0.0.1" provider-name="Young K Bell">
    <requires>
        <import addon="xbmc.python" version="2.25.0"/>
        <import addon="script.module.routing" version="0.2.0"/>
        <import addon="script.module.requests" version="2.7.0"/>

    </requires>
    <extension point="xbmc.python.pluginsource" library="main.py">
        <provides>video</provides>
    </extension>
    <extension point="xbmc.addon.metadata">
        <summary lang="en_GB">Watch Malay, Korean, Tamil, Bollywood, Thai, Japanese, Chinese, Indonesian, and other Asian Movies and TV shows online for free with subtitles in English and Malay on VIU</summary>
        <description lang="en_GB">Watch Malay, Korean, Tamil, Bollywood, Thai, Japanese, Chinese, Indonesian, and other Asian Movies and TV shows online for free with subtitles in English and Malay on VIU</description>
        <language></language>
        <platform>all</platform>
        <license>GPL-3.0</license>
        <forum></forum>
        <source></source>
        <news></news>
        <disclaimer></disclaimer>
        <assets>
            <icon>resources/icon_viu.png</icon>
            <fanart>resources/fanart_viu.jpg</fanart>
        </assets>
    </extension>
</addon>
